timestamp,sn,text,EST
2019-05-23 03:59:58,MrUNotReady,Yeaaaaah!!! @RachelEReilly...You Are Teaching Your Daughter To Be Fierce And Take Risk @AmazingRaceCBS ‚ù§üòò#AmazingRace,2019-05-22 22:59:58
2019-05-23 03:59:49,kevintoy888,"Why do these reality shows keep saving the Reilly sisters?  Eliminate them when you can, Phil!  #AmazingRace",2019-05-22 22:59:49
2019-05-23 03:59:06,Pinkjellybean3,RT @AmazingRaceCBS: Dubai. Dinosaurs. Glowing eggs. Tomorrow's #AmazingRace is going to be good. üèÉüèΩ https://t.co/blfAheTzv2,2019-05-22 22:59:06
2019-05-23 03:58:49,iowanliveintexa,"RT @PhilKeoghan: A picture says 1,000 words ... This in the middle of the night tired eyes shot explains what happens when you shoot #12Sho‚Ä¶",2019-05-22 22:58:49
2019-05-23 03:58:34,Loveleelee_xoxo,"RT @Space_Nerd_at_C: Hey Phil, put US out of our misery and send Rachel and Elissa home #AmazingRace https://t.co/XVv7yVpPbX",2019-05-22 22:58:34
2019-05-23 03:58:24,Loveleelee_xoxo,RT @DrkLovely1: I üíõ TEAM FUN!!  #AmazingRace https://t.co/7ykAdewYdX,2019-05-22 22:58:24
2019-05-23 03:58:22,abdulmannanbutt,A memorable group foto with Ceo. perennial_clothing #exceptional #suiting #class #suitup #amazingrace #graceful‚Ä¶ https://t.co/dCxdTM8SJR,2019-05-22 22:58:22
2019-05-23 03:58:08,Loveleelee_xoxo,RT @FightYouForIt1: Corrine and Eliza after seeing the Reilly sisters survive another week.. #AmazingRace https://t.co/R07Gw2CMGh,2019-05-22 22:58:08
2019-05-23 03:57:56,Loveleelee_xoxo,RT @nyngaile: Phil NOOOOO why a non elimination leg send them home!  #AmazingRace https://t.co/GWFCI3k7Kj,2019-05-22 22:57:56
2019-05-23 03:57:55,d0nnieeeee,"RT @tyleroakley: tonight on #AmazingRace, queer contestants were sent to locations where being queer is a crime. being there with protectio‚Ä¶",2019-05-22 22:57:55
2019-05-23 03:57:37,JayBarnes77,"Rachel and Elissa finish last
*Non-Elimination Leg*
Me: FUUUUUUUUUUUUUU
#AmazingRace",2019-05-22 22:57:37
2019-05-23 03:57:21,maddiea_xo,RT @SrslyChris: Elissa getting fed up with Rachel‚Äôs sentimental crying is everything. #AmazingRace,2019-05-22 22:57:21
2019-05-23 03:57:20,richksu,Rachel does everything good- #TAR #AmazingRace,2019-05-22 22:57:20
2019-05-23 03:57:11,iowanliveintexa,RT @PhilKeoghan: Don't go anywhere ... brace yourself for a dramatic #Head2Head returning to #AmazingRace ... now #TheWorldisWaitingForYou‚Ä¶,2019-05-22 22:57:11
2019-05-23 03:57:09,Luvzparanoid,RT @CalebWH25: I love Rachel and Elissa‚Äôs dynamic! #AmazingRace,2019-05-22 22:57:09
2019-05-23 03:56:27,ShawnReynolds_,Phil waiting for the last team to arrive #AmazingRace https://t.co/BFoUSXEYuV,2019-05-22 22:56:27
2019-05-23 03:56:26,cindraloo,RT @chrisrhahn: Excited for a double dose of #AmazingRace.,2019-05-22 22:56:26
2019-05-23 03:56:18,jordychamberlin,RT @SrslyChris: Elissa getting fed up with Rachel‚Äôs sentimental crying is everything. #AmazingRace,2019-05-22 22:56:18
2019-05-23 03:55:49,Luvzparanoid,RT @Steffiesays1: Elissa's face while Rachel is crying #AmazingRace https://t.co/4NSgC13zMO,2019-05-22 22:55:49
2019-05-23 03:55:37,ashrose31,Team fun is the best team coming from the blind date season and they are even better this season! On the‚Ä¶ https://t.co/8wM79k0k4z,2019-05-22 22:55:37
2019-05-23 03:55:03,kailakay_17,"RT @tyleroakley: tonight on #AmazingRace, queer contestants were sent to locations where being queer is a crime. being there with protectio‚Ä¶",2019-05-22 22:55:03
2019-05-23 03:54:34,marie81411,@tjlavin #MTVChallenge and @PhilKeoghan from #AmazingRace have the greatest jobs. They come in tell the players the‚Ä¶ https://t.co/ogOlYKadkY,2019-05-22 22:54:34
2019-05-23 03:54:22,SanJoYouKnow,"‚ÄúRach, please stop.‚Äù @ElissaReillyS saying what every #AmazingRace fan has wanted to say for THREE SEASONS.",2019-05-22 22:54:22
2019-05-23 03:54:21,sjn1922,@AmazingRaceCBS Rach!!! THERE IS NO CRYING IN THE AMAZING RACE!!!! üò≠üò≠üò≠üò≠üò≠üò≠¬†#AmazingRace,2019-05-22 22:54:21
2019-05-23 03:54:19,cindraloo,#AmazingRace,2019-05-22 22:54:19
2019-05-23 03:53:36,Phil_okk,#Uganda thru #AmazingRace ‚úå's eyes üëÄ  #Dubai too... üëçüí™ https://t.co/L51i9Lavs6,2019-05-22 22:53:36
2019-05-23 03:53:14,rayraycja,Who knew that @PhilKeoghan had such a sick flow? #AmazingRace,2019-05-22 22:53:14
2019-05-23 03:52:38,geenahd,"RT @tyleroakley: tonight on #AmazingRace, queer contestants were sent to locations where being queer is a crime. being there with protectio‚Ä¶",2019-05-22 22:52:38
2019-05-23 03:52:29,sjn1922,@AmazingRaceCBS This is what Team Fun is all about!!! Rap Time!!! Team Fun #1!!! #AmazingRace,2019-05-22 22:52:29
2019-05-23 03:51:59,KiranSanthanam,"RT @tyleroakley: tonight on #AmazingRace, queer contestants were sent to locations where being queer is a crime. being there with protectio‚Ä¶",2019-05-22 22:51:59
2019-05-23 03:51:18,janet_rooker,RT @patcariaga: Not much else you can do when your partner is doing the #Roadblock. #AmazingRace https://t.co/ZQ0fbQX5mJ,2019-05-22 22:51:18
2019-05-23 03:49:54,alissaMlewis,I thought #AmazingRace was #AmazingGrace trending... again... https://t.co/r41nOiYGT3,2019-05-22 22:49:54
2019-05-23 03:49:48,sjn1922,"@AmazingRaceCBS The Afghanimals 1st time to the beat, HELL YES!!!! #AmazingRace",2019-05-22 22:49:48
2019-05-23 03:48:15,belrosegnr,"@RachelEReilly @ElissaReillyS @AmazingRaceCBS So glad you got to stay, but so sad @JanellePierzina and‚Ä¶ https://t.co/ek6ri58R96",2019-05-22 22:48:15
2019-05-23 03:47:46,Alicestar13,"RT @AmazingRaceCBS: So close, yet so far away. #AmazingRace https://t.co/KSVy9eWqYM",2019-05-22 22:47:46
2019-05-23 03:47:09,Alicestar13,"RT @AmazingRaceCBS: $1 million is still up for grabs, and the remaining teams are giving it their all. The #AmazingRace returns tonight at‚Ä¶",2019-05-22 22:47:09
2019-05-23 03:46:59,Luvzparanoid,RT @SrslyChris: Elissa getting fed up with Rachel‚Äôs sentimental crying is everything. #AmazingRace,2019-05-22 22:46:59
2019-05-23 03:46:13,PixelGamer_,so tonight thanks to the #AmazingRace I learned that silent raves are a thing and all I can think is the one scene‚Ä¶ https://t.co/0rMTkDiYWs,2019-05-22 22:46:13
2019-05-23 03:45:53,Luvzparanoid,RT @BB_timc: I need Team Reilly to stay #AmazingRace,2019-05-22 22:45:53
2019-05-23 03:45:33,sjn1922,"@AmazingRaceCBS Four team neck to neck for 1st place, WHAT!!! #AmazingRace",2019-05-22 22:45:33
2019-05-23 03:45:28,JessicaRunion2,"RT @tyleroakley: tonight on #AmazingRace, the tethered version of me is unleashed in dubai https://t.co/d8rr4yedVL",2019-05-22 22:45:28
2019-05-23 03:44:57,SaltwaterVal,"I'm loving this  @AmazingRaceCBS where they are actually encouraging one another and giving ""shout outs"" of positiv‚Ä¶ https://t.co/9rBDU4OVFd",2019-05-22 22:44:57
2019-05-23 03:44:35,MarisolT1971,RT @AmazingRaceCBS: Get excited! Another episode of The #AmazingRace comes on NOW! https://t.co/qKyCFhsluL,2019-05-22 22:44:35
2019-05-23 03:44:27,Jordanzahhutt,So stoked my favourite team is still going strong! Let‚Äôs go boys! #AmazingRace #TeamTylerandKorey,2019-05-22 22:44:27
2019-05-23 03:44:03,4realseotraffic,https://t.co/SxVdmsm3AD #AmazingRace,2019-05-22 22:44:03
2019-05-23 03:43:29,westcoast_246,The people in Uganda seems really friendly #AmazingRace,2019-05-22 22:43:29
2019-05-23 03:43:21,thearashow,RT @ShawnPooley: That Challenge in Dubai with the #AmazingRace beat reminds me of the Amazing Race Rap song @thearashow did in 2005 between‚Ä¶,2019-05-22 22:43:21
2019-05-23 03:43:11,sjn1922,@AmazingRaceCBS Team Torey Jumping to the beat #AmazingRace,2019-05-22 22:43:11
2019-05-23 03:42:44,hive_babes,I just finished tonights episode of amazing race and I was crying the same time Brittney was crying... You would th‚Ä¶ https://t.co/WQ6rOqHNBV,2019-05-22 22:42:44
2019-05-23 03:42:42,SuperCoolCarly,"RT @NotYerAvgChick: Floyd dropped his crepe! üòÑ

#TeamFun @AmazingRaceCBS #AmazingRace https://t.co/hElwVsiY2T",2019-05-22 22:42:42
2019-05-23 03:42:15,sjn1922,@AmazingRaceCBS Team Fun know to pick THE SILENT CHALLENGE!!! #AmazingRace,2019-05-22 22:42:15
2019-05-23 03:42:11,riikabob,LOL the dinosaur costumes! I'm howling üòÇüòÇ #AmazingRace,2019-05-22 22:42:11
2019-05-23 03:41:54,BrianHiam,Made me sad to not have an @AmazingRaceCBS to watch last week.  Made me so happy when we pulled up the DVR to find‚Ä¶ https://t.co/lHTFNqfWQq,2019-05-22 22:41:54
2019-05-23 03:41:54,heybrittrob,RT @IGIF_: Elisa to Rachel. üòÇ #AmazingRace #TAR31 https://t.co/8w2fbjuaEU,2019-05-22 22:41:54
2019-05-23 03:41:38,SuperCoolCarly,I'm surprised all these botoxed ladies can still cry. #AmazingRace #plasticlips,2019-05-22 22:41:38
2019-05-23 03:41:36,Spyglas08492298,Totally agree!! #teamfun #positive #AmazingRace #TAR31 https://t.co/S9tLSgDB6B https://t.co/k7FekWminU,2019-05-22 22:41:36
2019-05-23 03:40:57,mssrfcali,Rigged! Can you make it less obvious @AmazingRaceCBS You make every challenge music geared for #TeamFun WTF! Not fa‚Ä¶ https://t.co/iSSLtsNmvA,2019-05-22 22:40:57
2019-05-23 03:40:09,thrllsnsplls,"Zen Colin at the rave.  üòÜ

#AmazingRace #TAR31 https://t.co/vvpDnAe3FQ",2019-05-22 22:40:09
2019-05-23 03:39:56,realityTVstud,nooooo @JanellePierzina you were my pick to win and it's been such a great time watching you in challenges again. i‚Ä¶ https://t.co/pcfLZjtF40,2019-05-22 22:39:56
2019-05-23 03:39:09,justinlosacco,"This is the 31st season of @AmazingRaceCBS, and the Dubai leg may have been the best of the entire series #AmazingRace",2019-05-22 22:39:09
2019-05-23 03:38:46,Spyglas08492298,@FightYouForIt1 I could do without both of these teams! Both are whiny..ugh! Bring real contestants on the show!! T‚Ä¶ https://t.co/TpM9jZ7Iz6,2019-05-22 22:38:46
2019-05-23 03:38:17,ObiWOKE_Kenobi,Oh snap? Two episodes? My night just got even better. #AmazingRace,2019-05-22 22:38:17
2019-05-23 03:38:14,riikabob,"Oh wow, this challenge is not what they thought it was. Well played, #AmazingRace.",2019-05-22 22:38:14
2019-05-23 03:37:25,peiffer_tanner,I‚Äôve always been a huge fan of Rachel. Other people have disagreed with me on it but I just cant stop loving her pe‚Ä¶ https://t.co/jwy9Hm2vU4,2019-05-22 22:37:25
2019-05-23 03:36:12,OCannaday32,"RT @tyleroakley: tonight on #AmazingRace, queer contestants were sent to locations where being queer is a crime. being there with protectio‚Ä¶",2019-05-22 22:36:12
2019-05-23 03:36:12,XoBabyDollXo,Noo @JanellePierzina &amp; @britney_haynes were eliminated üò≠üíî  Sucks they had to compete against @RachelEReilly &amp;‚Ä¶ https://t.co/C9OqXdJhe0,2019-05-22 22:36:12
2019-05-23 03:35:39,oshawotter,"RT @Brian_Scally: Me when Phil tells Rachel and Elissa it‚Äôs a non elimination leg:
#AmazingRace https://t.co/9edTtGsKdR",2019-05-22 22:35:39
2019-05-23 03:35:29,sjn1922,@AmazingRaceCBS Come on Afghanimals pass the TEST!!!! #AmazingRace,2019-05-22 22:35:29
2019-05-23 03:34:32,ObiWOKE_Kenobi,Elissa being annoyed by Rachel crying is the funniest thing I‚Äôve seen today lmao #AmazingRace,2019-05-22 22:34:32
2019-05-23 03:33:49,Green4Lori,"RT @SarahQuider: Phil is excited for another episode! #winegirls #amazingrace 
@PhilKeoghan @AmazingRaceCBS @jodiwincheski https://t.co/yH7‚Ä¶",2019-05-22 22:33:49
2019-05-23 03:33:48,LeslieGzz,RT @ericaeff: Rachel and Elissa are pure comedy. üòÇ love them. #AmazingRace,2019-05-22 22:33:48
2019-05-23 03:33:29,Green4Lori,"RT @SarahQuider: Still waiting for our call: https://t.co/tY3FKUCIkb
#winegirls #amazingrace @AmazingRaceCBS @PhilKeoghan @jodiwincheski @E‚Ä¶",2019-05-22 22:33:29
2019-05-23 03:32:19,jojoanello,"RT @SarahQuider: Still waiting for our call: https://t.co/tY3FKUCIkb
#winegirls #amazingrace @AmazingRaceCBS @PhilKeoghan @jodiwincheski @E‚Ä¶",2019-05-22 22:32:19
2019-05-23 03:32:07,Team_DMP,"#AmazingRace Sea. 31, Ep. 5 &amp; 6: Two very fun and exciting legs. I like that the team are very close to each other.‚Ä¶ https://t.co/FVKoBxjys1",2019-05-22 22:32:07
2019-05-23 03:32:04,kam_isforever,RT @FightYouForIt1: Corrine and Eliza after seeing the Reilly sisters survive another week.. #AmazingRace https://t.co/R07Gw2CMGh,2019-05-22 22:32:04
2019-05-23 03:31:37,jojoanello,"RT @SarahQuider: Phil is excited for another episode! #winegirls #amazingrace 
@PhilKeoghan @AmazingRaceCBS @jodiwincheski https://t.co/yH7‚Ä¶",2019-05-22 22:31:37
2019-05-23 03:31:13,AlexSeifer,"Fantasy Amazing Race Line-Up: 
Brendan &amp; Rachel or Vanessa &amp; Dave
Dave &amp; Rachel (Army Couple)
Tina &amp; Ken
Becca &amp; Fl‚Ä¶ https://t.co/ThEMIeaewa",2019-05-22 22:31:13
2019-05-23 03:30:42,LeslieGzz,RT @SrslyChris: Elissa getting fed up with Rachel‚Äôs sentimental crying is everything. #AmazingRace,2019-05-22 22:30:42
2019-05-23 03:30:37,ErinEMalone,"RT @SarahQuider: Phil is excited for another episode! #winegirls #amazingrace 
@PhilKeoghan @AmazingRaceCBS @jodiwincheski https://t.co/yH7‚Ä¶",2019-05-22 22:30:37
2019-05-23 03:30:31,ErinEMalone,"RT @SarahQuider: Still waiting for our call: https://t.co/tY3FKUCIkb
#winegirls #amazingrace @AmazingRaceCBS @PhilKeoghan @jodiwincheski @E‚Ä¶",2019-05-22 22:30:31
2019-05-23 03:29:17,CaitlinNetzer,I love @ElissaReillyS SO MUCH she is soooo hilarious with @RachelEReilly ‚ù§Ô∏è we need another round of Elissa on BB.‚Ä¶ https://t.co/VSoBz2Jz1s,2019-05-22 22:29:17
2019-05-23 03:28:47,TVGal_Chele,"RT @randyknup: The #AmazingRace #TAR31 Eps 5&amp;6 Draft K Update:
@TVGal_Chele @floressa94 @ttrenae @wakinga_rus @tmzerep27 @kortneyspaeth @ja‚Ä¶",2019-05-22 22:28:47
2019-05-23 03:28:11,TravelWithJared,"RT @AmazingRaceCBS: $1 million is still up for grabs, and the remaining teams are giving it their all. The #AmazingRace returns tonight at‚Ä¶",2019-05-22 22:28:11
2019-05-23 03:28:02,TravelWithJared,"RT @PhilKeoghan: You could argue that there is no better education than travel ... always helps give me perspective, imagine having to pres‚Ä¶",2019-05-22 22:28:02
2019-05-23 03:27:59,TheNewsIntern1,Of course Rachel is going to cry the entire time  #AmazingRace https://t.co/QU9rBijcRs,2019-05-22 22:27:59
2019-05-23 03:27:57,TravelWithJared,RT @AmazingRaceCBS: This looks FUN. #AmazingRace https://t.co/KHQvKHE3l2,2019-05-22 22:27:57
2019-05-23 03:27:54,TravelWithJared,"RT @PhilKeoghan: Hi Thea, please send a photo of you and your family watching #AmazingRace https://t.co/tdzIsny080",2019-05-22 22:27:54
2019-05-23 03:27:44,RedRobz,So happy I don‚Äôt have to see those a-holes from #Survivor anymore on the #AmazingRace love every team there,2019-05-22 22:27:44
2019-05-23 03:27:40,TravelWithJared,RT @AmazingRaceCBS: Let‚Äôs hope they‚Äôre good at math. #AmazingRace https://t.co/7kCbjkDZDr,2019-05-22 22:27:40
2019-05-23 03:27:33,kierashoyos,RT @IGIF_: Elisa to Rachel. üòÇ #AmazingRace #TAR31 https://t.co/8w2fbjuaEU,2019-05-22 22:27:33
2019-05-23 03:27:08,TravelWithJared,RT @PhilKeoghan: Don't go anywhere ... brace yourself for a dramatic #Head2Head returning to #AmazingRace ... now #TheWorldisWaitingForYou‚Ä¶,2019-05-22 22:27:08
2019-05-23 03:26:58,Quest_fk,"RT @PhilKeoghan: A picture says 1,000 words ... This in the middle of the night tired eyes shot explains what happens when you shoot #12Sho‚Ä¶",2019-05-22 22:26:58
2019-05-23 03:26:43,SarahQuider,"Still waiting for our call: https://t.co/tY3FKUCIkb
#winegirls #amazingrace @AmazingRaceCBS @PhilKeoghan‚Ä¶ https://t.co/hk2fl9mvuk",2019-05-22 22:26:43
2019-05-23 03:25:47,dryedmangoez,The VR dive from the Burj Khalifa fake out has to be one of the biggest disappointments for an #AmazingRace team. What was that?!,2019-05-22 22:25:47
2019-05-23 03:25:02,DebiJune2,RT @katm0512: Routing for Nichole and Victor #AmazingRace,2019-05-22 22:25:02
2019-05-23 03:24:45,nerdgirl67,"RT @tyleroakley: tonight on #AmazingRace, queer contestants were sent to locations where being queer is a crime. being there with protectio‚Ä¶",2019-05-22 22:24:45
2019-05-23 03:23:10,randyknup,"The #AmazingRace #TAR31 Eps 5&amp;6 #RHAP Draft Update:
@HaymakerHattie @thedanheaton  @AMikeBloomType https://t.co/9cHe4rEHzt",2019-05-22 22:23:10
2019-05-23 03:22:58,randyknup,"The #AmazingRace #TAR31 Ep4 Draft P Update:
@randyknup @ShannonGaitz @WillFromAmerica @sammore26 https://t.co/6ixUjDwVUB",2019-05-22 22:22:58
2019-05-23 03:22:47,randyknup,"The #AmazingRace #TAR31 Eps 5&amp;6 Draft O Update:
@NMReitan @gman2691 @joelwheels @coralfanatic @tacotako @deannw‚Ä¶ https://t.co/0S8sN0EW07",2019-05-22 22:22:47
2019-05-23 03:22:37,randyknup,"The #AmazingRace #TAR31 Eps 5&amp;6 Draft N Update:
@massonmissel15 @timheab @randyknup @itsteriyaki94 @WadeJamesX‚Ä¶ https://t.co/dRfe0szWV5",2019-05-22 22:22:37
2019-05-23 03:22:28,majingir,"Team Fun comes in 1st and Phil freestyles lol.
#AmazingRace",2019-05-22 22:22:28
2019-05-23 03:22:26,randyknup,"The #AmazingRace #TAR31 Eps 5&amp;6 Draft M Update:
@JColloton @randyknup @bbredwood13 @matsingmalcolm @kallenoh‚Ä¶ https://t.co/6NPmRzJSYI",2019-05-22 22:22:26
2019-05-23 03:22:22,JwatksJackie,I don't want to hear @britney_haynes  complain at all about @janellepierzina and that roadblock because Janie CARRI‚Ä¶ https://t.co/PVjMOe7oB5,2019-05-22 22:22:22
2019-05-23 03:22:18,randyknup,"The #AmazingRace #TAR31 Eps 5&amp;6 Draft L Update:
@RealityRobbed @BrennaSteward @cbbcharlie17 @Rhager1983 @ajfraysure‚Ä¶ https://t.co/kjYxs9PQn7",2019-05-22 22:22:18
2019-05-23 03:22:09,randyknup,"The #AmazingRace #TAR31 Eps 5&amp;6 Draft K Update:
@TVGal_Chele @floressa94 @ttrenae @wakinga_rus @tmzerep27‚Ä¶ https://t.co/6aylp8TJ7k",2019-05-22 22:22:09
2019-05-23 03:22:02,randyknup,"The #AmazingRace #TAR31 Eps 5&amp;6 Draft J Update:
@randyknup @Empoleon95 @ShaylaDanenberg @BrandonJFinney‚Ä¶ https://t.co/1LSBpHylXi",2019-05-22 22:22:02
2019-05-23 03:21:59,sam_barton123,"RT @tyleroakley: tonight on #AmazingRace, queer contestants were sent to locations where being queer is a crime. being there with protectio‚Ä¶",2019-05-22 22:21:59
2019-05-23 03:21:53,randyknup,"The #AmazingRace #TAR31 Eps 5&amp;6 Draft I Update:
@LiveLumberLogan @rxgonzaless @randyknup @mkfroboi @KasenMSanders‚Ä¶ https://t.co/8ZL0nKxJT3",2019-05-22 22:21:53
2019-05-23 03:21:46,randyknup,"The #AmazingRace #TAR31 Eps 5&amp;6 Draft H Update:
@PupRiku @rattmubio @LilLyssaLynn @randyknup @thejohnlocascio‚Ä¶ https://t.co/ytK3G1yvKT",2019-05-22 22:21:46
2019-05-23 03:21:46,McLovin_0228,RT @buckeyegirl25: I never would have guessed the Reilly sisters knew how to gut a fish. (Full disclosure: I wouldn‚Äôt have a clue how to gu‚Ä¶,2019-05-22 22:21:46
2019-05-23 03:21:39,globalboliek,Tonight‚Äôs  @AmazingRaceCBS hit me in my feels. @tyleroakley &amp; @koreykuhl remind those of us who are queer &amp; the wor‚Ä¶ https://t.co/grGrtcAXU3,2019-05-22 22:21:39
2019-05-23 03:21:35,randyknup,"The #AmazingRace #TAR31 Eps 5&amp;6 Draft G Update:
@cindyab @PANDAmonium747 @markopolo310 @Lancelot_Draper‚Ä¶ https://t.co/g4JHthx0NS",2019-05-22 22:21:35
2019-05-23 03:21:35,McLovin_0228,RT @BB_timc: Now we need the mom squad on a BB season together #BB21 üòâ #AmazingRace,2019-05-22 22:21:35
2019-05-23 03:21:28,randyknup,"The #AmazingRace #TAR31 Eps 5&amp;6 Draft F Update:
@hifromgrace @aliciajrosen @seantucker94 @TheMathBandit @TovahAtha‚Ä¶ https://t.co/C8TzvpzSqU",2019-05-22 22:21:28
2019-05-23 03:21:20,randyknup,"The #AmazingRace #TAR31 Eps 5&amp;6 Draft E Update:
@DaraMirzaie @EdJo69 @NikiPhili @golden8284 @TheDylandConrad‚Ä¶ https://t.co/0eHpnIaT9V",2019-05-22 22:21:20
2019-05-23 03:20:55,randyknup,"The #AmazingRace #TAR31 Eps 5&amp;6 Draft D Update:
@JasonCurtisR @BeccaDevens @christineknap @AlexMRubino @Johnny_Lew‚Ä¶ https://t.co/0drxh6Io0j",2019-05-22 22:20:55
2019-05-23 03:20:43,randyknup,"The #AmazingRace #TAR31 Eps 5&amp;6 Draft C Update:
@randyknup @djlabelleklein @vibrientyoga @CAVX @unsuccessstory‚Ä¶ https://t.co/ECMN4Puzin",2019-05-22 22:20:43
2019-05-23 03:20:36,feministbeetch,"RT @BB_timc: When Phil announced that it's a non-elim leg, Team Reilly be like #AmazingRace https://t.co/ykRS7XVZmY",2019-05-22 22:20:36
2019-05-23 03:20:34,randyknup,"The #AmazingRace #TAR31 Eps 5&amp;6 Draft B Update:
@mcbeangreg @KatelynGlacken @jennyautumn @AHFeldwoman @randyknup‚Ä¶ https://t.co/9jPqoFRPfK",2019-05-22 22:20:34
2019-05-23 03:20:24,randyknup,"The #AmazingRace #TAR31 Eps 5&amp;6 Draft A Update:
@TheJessSterling @randyknup @abschnitzer @allisonjeannn‚Ä¶ https://t.co/MMNyogEErO",2019-05-22 22:20:24
2019-05-23 03:20:22,TheShonBailey,RT @IGIF_: Elisa to Rachel. üòÇ #AmazingRace #TAR31 https://t.co/8w2fbjuaEU,2019-05-22 22:20:22
2019-05-23 03:17:54,CaitlinNetzer,‚ÄúAre you feeling what I‚Äôm feeling? And a lot of people were not.‚Äù -@tyleroakley HAHAHA actual tears üòÇ #AmazingRace,2019-05-22 22:17:54
2019-05-23 03:16:31,IGIF_,Elisa to Rachel. üòÇ #AmazingRace #TAR31 https://t.co/8w2fbjuaEU,2019-05-22 22:16:31
2019-05-23 03:15:20,evett_chiu,RT @RachelEReilly: Please send the @ElissaReillyS hushing me gifs when I‚Äôm crying I literally can‚Äôt wait ‚ù§Ô∏èüôå this will be our new way to st‚Ä¶,2019-05-22 22:15:20
2019-05-23 03:13:57,gfisherz,#AmazingRace dang!! Rachel needs to be eliminated already.. cant stand her drama.. and please dont bring her back..,2019-05-22 22:13:57
2019-05-23 03:13:53,TeamElissa1,@ElissaReillyS @RachelEReilly #TeamReillySisters #sistersister #sistasista #sisters #AmazingRace #TAR31‚Ä¶ https://t.co/tt0nLexxlH,2019-05-22 22:13:53
2019-05-23 03:13:35,FelixsFosterSis,Phil trying to make these head to heads exciting  #AmazingRace https://t.co/7N0MP7Yk64,2019-05-22 22:13:35
2019-05-23 03:11:03,JayHartDMP,"#AmazingRace Sea. 31, Ep. 5 &amp; 6: Two very fun and exciting legs. I like that the team are very close to each other.‚Ä¶ https://t.co/84wOBPChEc",2019-05-22 22:11:03
2019-05-23 03:10:39,sassy_mel,RT @SrslyChris: Elissa getting fed up with Rachel‚Äôs sentimental crying is everything. #AmazingRace,2019-05-22 22:10:39
2019-05-23 03:10:22,Reddzz730,Rachel and that lip poke she dose when she loses lol üòÇüòÇü§¶üèΩ‚Äç‚ôÄÔ∏èü§¶üèΩ‚Äç‚ôÄÔ∏è I‚Äôm still #TeamReilly thou   #AmazingRace https://t.co/JSfcZYBbNc,2019-05-22 22:10:22
2019-05-23 03:09:16,sassy_mel,"RT @Brian_Scally: Me when Phil tells Rachel and Elissa it‚Äôs a non elimination leg:
#AmazingRace https://t.co/9edTtGsKdR",2019-05-22 22:09:16
2019-05-23 03:08:49,Theater_Poverty,"#AmazingRace the fact that you had an episode in Uganda, a country that had the death penalty for homosexuality unt‚Ä¶ https://t.co/qkTJMSDdF4",2019-05-22 22:08:49
2019-05-23 03:08:42,justoofthings,"RT @HaymakerHattie: You know how Phil was up for Jeff Probst‚Äôs job and vice versa? If you ever doubted the right decision was made, watchin‚Ä¶",2019-05-22 22:08:42
2019-05-23 03:08:42,TipsyMic,And that is how women support each other! #teammom #AmazingRace,2019-05-22 22:08:42
2019-05-23 03:08:26,SarahQuider,"Phil is excited for another episode! #winegirls #amazingrace 
@PhilKeoghan @AmazingRaceCBS @jodiwincheski https://t.co/yH7ndRd9gG",2019-05-22 22:08:26
2019-05-23 03:07:39,itssavannahjade,@ElissaReillyS @RachelEReilly @AmazingRaceCBS I‚Äôm so sad y‚Äôall came in last but i‚Äôm so glad it‚Äôs a non elim leg! I‚Ä¶ https://t.co/uUfKf1f81r,2019-05-22 22:07:39
2019-05-23 03:07:11,SprnkleofSchoee,@tyleroakley @koreykuhl YESS BOYSSSS I KNEW Y‚ÄôALL COULD DO IT!!! FOURTH PLACE!!!! #TeamTylerandKorey #AmazingRace,2019-05-22 22:07:11
2019-05-23 03:07:06,mattjuniper,"RT @tyleroakley: tonight on #AmazingRace, queer contestants were sent to locations where being queer is a crime. being there with protectio‚Ä¶",2019-05-22 22:07:06
2019-05-23 03:07:06,RealityRecaps,My stupid @TiVo has once again not recorded #AmazingRace and it‚Äôs not on the cbs app yet... does anybody have a lin‚Ä¶ https://t.co/uoCfZ2U8vw,2019-05-22 22:07:06
2019-05-23 03:06:21,morfair71,@JanellePierzina I‚Äôm devastated you were eliminated on Amazing Race but would have loved for @PhilKeoghan to say By‚Ä¶ https://t.co/l6tE2QLF86,2019-05-22 22:06:21
2019-05-23 03:06:08,MrUNotReady,@RachelEReilly You Already Know!!‚ù§üôÇ#AmazingRace,2019-05-22 22:06:08
2019-05-23 03:05:55,SolaceBiersack,RT @JustinClassic1: Ok I actually liked this head to head and am happy to see #TeamTylerandKorey win a leg! #AmazingRace #RacersRecap https‚Ä¶,2019-05-22 22:05:55
2019-05-23 03:05:37,DarkSkyDestiny,"RT @tyleroakley: tonight on #AmazingRace, queer contestants were sent to locations where being queer is a crime. being there with protectio‚Ä¶",2019-05-22 22:05:37
2019-05-23 03:05:00,SolaceBiersack,RT @PhilKeoghan: Yes indeed @tyleroakley and @koreykuhl sure do know how to crush it on #AmazingRace https://t.co/DQzJMqJTuC,2019-05-22 22:05:00
2019-05-23 03:04:52,joparke,Rachel on #AmazingRace has real issues. I am not sure if to laugh or be uncomfortable! Even Phil had enough of the‚Ä¶ https://t.co/AT2SpkJXrr,2019-05-22 22:04:52
2019-05-23 03:04:34,wtfjag,@RachelEReilly @AIPChristina Rach - you need to stop bothering with these haters. They ain't worth anything so do t‚Ä¶ https://t.co/K3kROb90Sn,2019-05-22 22:04:34
2019-05-23 03:04:04,McLovin_0228,"RT @BB_timc: When Phil announced that it's a non-elim leg, Team Reilly be like #AmazingRace https://t.co/ykRS7XVZmY",2019-05-22 22:04:04
2019-05-23 03:01:55,DrWillHatch,"RT @HaymakerHattie: You know how Phil was up for Jeff Probst‚Äôs job and vice versa? If you ever doubted the right decision was made, watchin‚Ä¶",2019-05-22 22:01:55
2019-05-23 03:00:53,AnneEllerson,RT @AmazingRaceCBS: This looks FUN. #AmazingRace https://t.co/KHQvKHE3l2,2019-05-22 22:00:53
2019-05-23 03:00:52,Pamela_Jocelyn,"RT @tyleroakley: tonight on #AmazingRace, queer contestants were sent to locations where being queer is a crime. being there with protectio‚Ä¶",2019-05-22 22:00:52
2019-05-23 03:00:48,AnneEllerson,RT @AmazingRaceCBS: Let‚Äôs hope they‚Äôre good at math. #AmazingRace https://t.co/7kCbjkDZDr,2019-05-22 22:00:48
2019-05-23 03:00:44,JoelBBCAN,RT @RachelEReilly: Please send the @ElissaReillyS hushing me gifs when I‚Äôm crying I literally can‚Äôt wait ‚ù§Ô∏èüôå this will be our new way to st‚Ä¶,2019-05-22 22:00:44
2019-05-23 02:59:50,CaitlinNetzer,OH MY GOD @JanellePierzina in the dinosaur costume going around in circles üòÇüòÇüòÇüòÇ and @britney_haynes is so tiny her‚Ä¶ https://t.co/7zRjyS4L6D,2019-05-22 21:59:50
2019-05-23 02:59:22,CowieKaunweigh,"RT @HaymakerHattie: The one nice thing about the head-to-head is that nobody has to be alone when they get eliminated. (I mean, that‚Äôs a ni‚Ä¶",2019-05-22 21:59:22
2019-05-23 02:57:00,ainepearl,RT @AmazingRaceCBS: ü§£ü§£ü§£ #AmazingRace https://t.co/8JBE6fOJie,2019-05-22 21:57:00
2019-05-23 02:56:38,BurgerSlamMann,"RT @MattOMalley: Two weeks from tonight: Join @BretLaBelle &amp; me at Kellehers (1410 Centre St., Rosl.) for an @AmazingRaceCBS viewing party‚Ä¶",2019-05-22 21:56:38
2019-05-23 02:56:34,HaymakerHattie,"The one nice thing about the head-to-head is that nobody has to be alone when they get eliminated. (I mean, that‚Äôs‚Ä¶ https://t.co/sKtK8EU3iI",2019-05-22 21:56:34
2019-05-23 02:56:30,ElissaReillyS,"RT @AmazingRaceCBS: Fun Detours, thrilling challenges, and intense head-to-head battles. Prepare for two exciting episodes of #AmazingRace‚Ä¶",2019-05-22 21:56:30
2019-05-23 02:56:01,ElissaReillyS,"RT @AmazingRaceCBS: $1 million is still up for grabs, and the remaining teams are giving it their all. The #AmazingRace returns tonight at‚Ä¶",2019-05-22 21:56:01
2019-05-23 02:55:51,ElissaReillyS,RT @Alexafan23: @RachelEReilly @CBSTweet @RachelEReilly @ElissaReillyS #AmazingRace #TAR31 https://t.co/DNEFp1dWx9,2019-05-22 21:55:51
2019-05-23 02:55:20,JenniferCole224,RT @AmazingRaceCBS: Dance break. #AmazingRace https://t.co/5ROwhISjQG,2019-05-22 21:55:20
2019-05-23 02:54:20,HaymakerHattie,"Wow, these head-to-head portraits flatter nobody. #AmazingRace",2019-05-22 21:54:20
2019-05-23 02:53:55,Phil_okk,RT @PhilKeoghan: #BurjKhalifa not only the world's tallest building; tallest freestanding structure; highest number of stories; highest out‚Ä¶,2019-05-22 21:53:55
2019-05-23 02:53:27,erniebufflo,"Making gay people travel to Uganda is not cool, #amazingrace",2019-05-22 21:53:27
2019-05-23 02:53:18,XmanIce,#TAR #AmazingRace So the only thing Elissa can do is look pretty. Sort of.,2019-05-22 21:53:18
2019-05-23 02:52:57,elana_danielle,"RT @tyleroakley: tonight on #AmazingRace, queer contestants were sent to locations where being queer is a crime. being there with protectio‚Ä¶",2019-05-22 21:52:57
2019-05-23 02:52:32,MyLifeAs_Ashley,"RT @tyleroakley: tonight on #AmazingRace, queer contestants were sent to locations where being queer is a crime. being there with protectio‚Ä¶",2019-05-22 21:52:32
2019-05-23 02:52:14,kyrababy27,"RT @tyleroakley: tonight on #AmazingRace, queer contestants were sent to locations where being queer is a crime. being there with protectio‚Ä¶",2019-05-22 21:52:14
2019-05-23 02:51:46,wtfjag,"Omg, so sad 2 see @JanellePierzina &amp; Britney eliminated. Super happy my peeps @RachelEReilly &amp; @ElissaReillyS are s‚Ä¶ https://t.co/dPEsrQDi8E",2019-05-22 21:51:46
2019-05-23 02:49:14,HaymakerHattie,"You know how Phil was up for Jeff Probst‚Äôs job and vice versa? If you ever doubted the right decision was made, wat‚Ä¶ https://t.co/fb9BEKyqCC",2019-05-22 21:49:14
2019-05-23 02:48:54,Hayven_C,#TeamTylerandKorey #AmazingRace https://t.co/9flgOlZ5Ej,2019-05-22 21:48:54
2019-05-23 02:48:23,M_A_Schilling,"RT @tyleroakley: tonight on #AmazingRace, queer contestants were sent to locations where being queer is a crime. being there with protectio‚Ä¶",2019-05-22 21:48:23
2019-05-23 02:48:03,Phil_okk,RT @AmazingRaceCBS: Dance break. #AmazingRace https://t.co/5ROwhISjQG,2019-05-22 21:48:03
2019-05-23 02:47:17,JwatksJackie,Watching Rachel with her histrionics and crying and moaning on #AmazingRace reminds me of how much I despised her o‚Ä¶ https://t.co/8QHNiPsSf5,2019-05-22 21:47:17
2019-05-23 02:47:12,EARTHDOGBB,Tonight on #TAR #AmazingRace https://t.co/CCUq8Uzlb9,2019-05-22 21:47:12
2019-05-23 02:46:50,ObiWOKE_Kenobi,Okay time for some #AmazingRace,2019-05-22 21:46:50
2019-05-23 02:45:29,HaymakerHattie,More ubiquitous narrative: ‚ÄúColin is much calmer now‚Äù or ‚ÄúDave is an old man‚Äù? #AmazingRace,2019-05-22 21:45:29
2019-05-23 02:44:48,SuperCoolCarly,"#TeamFun is the best!!!
And Rachel crying like a little bitch baby is great. #AmazingRace",2019-05-22 21:44:48
2019-05-23 02:44:28,OGBigSprite,"RT @tyleroakley: tonight on #AmazingRace, queer contestants were sent to locations where being queer is a crime. being there with protectio‚Ä¶",2019-05-22 21:44:28
2019-05-23 02:44:22,AprilinAlberta4,Becca is an inspiration. #AmazingRace,2019-05-22 21:44:22
2019-05-23 02:43:54,SprnkleofSchoee,WAIT THE JUMP IS A VIRTUAL REALITY THING OFMFJFJ IM SCREAMING @tyleroakley @koreykuhl #TeamTylerAndKorey #AmazingRace,2019-05-22 21:43:54
2019-05-23 02:43:09,sneppydooda,Super Fan!  Team Fun now and always!  #AmazingRace #teamfun #funstoppable https://t.co/KuzAwocOeu,2019-05-22 21:43:09
2019-05-23 02:42:46,MattSchmidtLA,@RachelEReilly and @ElissaReillyS had a visitor at their post-leg interview in Uganda. #AmazingRace https://t.co/Nwaowjznou,2019-05-22 21:42:46
2019-05-23 02:42:39,KathrynNiforos,"RT @MattOMalley: Two weeks from tonight: Join @BretLaBelle &amp; me at Kellehers (1410 Centre St., Rosl.) for an @AmazingRaceCBS viewing party‚Ä¶",2019-05-22 21:42:39
2019-05-23 02:42:21,CoCoSpice66,Rachel is my worst nightmare! I FF her segments now.  #AmazingRace,2019-05-22 21:42:21
2019-05-23 02:41:57,SprnkleofSchoee,THESE DINOSAUR COSTUMES ON THE #AmazingRace IM DYINGNFKFJF I WANNA RUN AS A DINOSAUR,2019-05-22 21:41:57
2019-05-23 02:41:41,SolaceBiersack,RT @HaymakerHattie: I am SO glad #AmazingRace didn‚Äôt get away with going to Uganda without noting the human rights issues. Thanks @tyleroak‚Ä¶,2019-05-22 21:41:41
2019-05-23 02:41:35,JesseGarcia321,Will we never be rid of this whiny b***h? #amazingrace #cantstandrachel #teambotox,2019-05-22 21:41:35
2019-05-23 02:40:19,SolaceBiersack,RT @PhilKeoghan: Don't go anywhere ... brace yourself for a dramatic #Head2Head returning to #AmazingRace ... now #TheWorldisWaitingForYou‚Ä¶,2019-05-22 21:40:19
2019-05-23 02:40:08,SolaceBiersack,RT @FightYouForIt1: Corrine and Eliza after seeing the Reilly sisters survive another week.. #AmazingRace https://t.co/R07Gw2CMGh,2019-05-22 21:40:08
2019-05-23 02:39:31,Cc87962961,"RT @tyleroakley: tonight on #AmazingRace, queer contestants were sent to locations where being queer is a crime. being there with protectio‚Ä¶",2019-05-22 21:39:31
2019-05-23 02:39:08,catmandu13,To all #AmazingRace fans: If anybody‚Äôs got a GIF of @tyleroakley giving the camera that cute smile after finishing‚Ä¶ https://t.co/Od3tsxxy47,2019-05-22 21:39:08
2019-05-23 02:38:25,HaymakerHattie,All these confessionals about Zen Colin need to have a payoff where Colin loses his mind completely or there is no‚Ä¶ https://t.co/Ow3LA2vCY8,2019-05-22 21:38:25
2019-05-23 02:38:12,steph9222,"RT @BB_timc: When Phil announced that it's a non-elim leg, Team Reilly be like #AmazingRace https://t.co/ykRS7XVZmY",2019-05-22 21:38:12
2019-05-23 02:37:50,mike_913,I wonder how much time she spent looking for a watch dealer.  #AmazingRace,2019-05-22 21:37:50
2019-05-23 02:37:50,bbqueenhaleigh,Elissa basically being a bitch to Rachel while Rachel was crying was EVERYTHING üòÇ #AmazingRace,2019-05-22 21:37:50
2019-05-23 02:37:44,TvWizards,"watch The Amazing Race s31e6 HD
#AmazingRace #amazingrace karen eliza #amazingrace eliza",2019-05-22 21:37:44
2019-05-23 02:37:27,rglick13,"RT @tyleroakley: tonight on #AmazingRace, queer contestants were sent to locations where being queer is a crime. being there with protectio‚Ä¶",2019-05-22 21:37:27
2019-05-23 02:37:25,AllanBSportsFan,@MattSchmidtLA @tyleroakley @koreykuhl #AmazingRace always has tight security for their players. Bravo Tyler and Kory,2019-05-22 21:37:25
2019-05-23 02:37:01,smartcorgi,RT @Rocking_it82: Rachel is such a downer! #AmazingRace https://t.co/UOC2UvjXsy,2019-05-22 21:37:01
2019-05-23 02:36:36,juscallmesizzle,I‚Äôm amazed that @britney_haynes and @JanellePierzina always have pretty much amazing looking makeup all throughout‚Ä¶ https://t.co/nR9PZMQb10,2019-05-22 21:36:36
2019-05-23 02:35:59,ZacccIsHere,One may recall me being incredibly upset around 20+ June 2018. This was because I was following up-to-date spoilers‚Ä¶ https://t.co/381rSXDgDY,2019-05-22 21:35:59
2019-05-23 02:35:24,yoshifan331,"I actually like pretty much this entire cast, which is rare with any of these shows. Team Reilly Sisters above all else though! #AmazingRace",2019-05-22 21:35:24
2019-05-23 02:35:18,bbqueenhaleigh,READ YOUR FUCKING CLUE #AmazingRace,2019-05-22 21:35:18
2019-05-23 02:34:58,AllanBSportsFan,@tyleroakley @theIRC #AmazingRace always has tight security and medical assistance immediately available. I'm glad‚Ä¶ https://t.co/VNn5y6nFDb,2019-05-22 21:34:58
2019-05-23 02:34:28,bbqueenhaleigh,"RT @HaymakerHattie: So this week‚Äôs #AmazingRace 101 segment is definitely going to be about reading your clue, right?",2019-05-22 21:34:28
2019-05-23 02:34:22,BrennanSwain,RT @ShawnPooley: That Challenge in Dubai with the #AmazingRace beat reminds me of the Amazing Race Rap song @thearashow did in 2005 between‚Ä¶,2019-05-22 21:34:22
2019-05-23 02:34:18,SolaceBiersack,"RT @tyleroakley: tonight on #AmazingRace, the tethered version of me is unleashed in dubai https://t.co/d8rr4yedVL",2019-05-22 21:34:18
2019-05-23 02:34:14,bbqueenhaleigh,Colin is so chill ü§£ #AmazingRace,2019-05-22 21:34:14
2019-05-23 02:34:07,juliaakathrynnn,#TeamTylerandKorey really deserved that win tonight. @tyleroakley and @koreykuhl i'm so proud of y'all #AmazingRace ‚ô•Ô∏è,2019-05-22 21:34:07
2019-05-23 02:33:46,MattSchmidtLA,Big congrats to @tyleroakley &amp; @koreykuhl for their win in Uganda. It wasn‚Äôt an easy leg for them but they handled‚Ä¶ https://t.co/118qZITwfD,2019-05-22 21:33:46
2019-05-23 02:33:45,SolaceBiersack,"RT @tyleroakley: tonight on #AmazingRace, queer contestants were sent to locations where being queer is a crime. being there with protectio‚Ä¶",2019-05-22 21:33:45
2019-05-23 02:33:27,ShawnPooley,That Challenge in Dubai with the #AmazingRace beat reminds me of the Amazing Race Rap song @thearashow did in 2005‚Ä¶ https://t.co/E07qUC5B9K,2019-05-22 21:33:27
2019-05-23 02:32:47,amysposito,Thanks #TeamTylerAndKorey and #AmazingRace for making my day a little brighter,2019-05-22 21:32:47
2019-05-23 02:30:31,maybeasa,"RT @tyleroakley: tonight on #AmazingRace, queer contestants were sent to locations where being queer is a crime. being there with protectio‚Ä¶",2019-05-22 21:30:31
2019-05-23 02:29:52,coletto,"RT @BB_timc: When Phil announced that it's a non-elim leg, Team Reilly be like #AmazingRace https://t.co/ykRS7XVZmY",2019-05-22 21:29:52
2019-05-23 02:29:39,BiglowRoselia,RT @jodystans: janelles looking for a rolex #AmazingRace https://t.co/dxvJRgUZGJ,2019-05-22 21:29:39
2019-05-23 02:29:36,Bentley20000,"https://t.co/VlYSEoTsuw
#AmazingRace was routing for janelle, not once did she get flustered or upset but just kept‚Ä¶ https://t.co/Yhaz7yiZDt",2019-05-22 21:29:36
2019-05-23 02:28:08,jtobin33,"For the 2nd time in a CBS Reality TV Show, affiliating yourself with a group called the Mom Squad has unfortunately‚Ä¶ https://t.co/chW9py5FSD",2019-05-22 21:28:08
2019-05-23 02:27:53,smartcorgi,RT @selbyscott: And now Rachel‚Äôs waterworks #AmazingRace https://t.co/k9X7FIJRUJ,2019-05-22 21:27:53
2019-05-23 02:27:41,HaymakerHattie,"So this week‚Äôs #AmazingRace 101 segment is definitely going to be about reading your clue, right?",2019-05-22 21:27:41
2019-05-23 02:27:39,catmom007,"RT @AmazingRaceCBS: So close, yet so far away. #AmazingRace https://t.co/KSVy9eWqYM",2019-05-22 21:27:39
2019-05-23 02:27:36,iowanliveintexa,@AmazingRaceCBS So grateful to have gotten home in time to watch my first episode of this season!  Also grateful fo‚Ä¶ https://t.co/Ks3BSD3PIi,2019-05-22 21:27:36
2019-05-23 02:27:00,smartcorgi,"RT @KeithZingraf: I hated Rachel on Big Brother and I can't stand her on The Amazing Race! Of course, it's a nonelimination leg. @AmazingRa‚Ä¶",2019-05-22 21:27:00
2019-05-23 02:26:58,CindyLouWho116,RT @Tremble26: Really sick of Rachel whining she wants to show her daughter to be a strong woman which is great but first step stop bitchin‚Ä¶,2019-05-22 21:26:58
2019-05-23 02:26:17,MeLovesTV,I hate to see Brit and Janelle take an exit. I was hoping that the big brother teams would all make it to the end. #AmazingRace,2019-05-22 21:26:17
2019-05-23 02:26:10,ChristyClark814,@PhilKeoghan my 13 yo wants to know how they eat while they‚Äôre racing. Do they have breaks or eat on the run? #AmazingRace,2019-05-22 21:26:10
2019-05-23 02:25:46,AndrewSimanski,RT @PhilKeoghan: Don't go anywhere ... brace yourself for a dramatic #Head2Head returning to #AmazingRace ... now #TheWorldisWaitingForYou‚Ä¶,2019-05-22 21:25:46
2019-05-23 02:25:27,smartcorgi,RT @KatieSecrets: They think they have actually Rolex‚Äôs in Uganda üòÇ #AmazingRace,2019-05-22 21:25:27
2019-05-23 02:24:50,CrazyPackersFan,I can't believe I haven't watched #AmazingRace for 30 seasons. It's an awesome show with much better editing than‚Ä¶ https://t.co/o94gCzet7s,2019-05-22 21:24:50
2019-05-23 02:24:40,mike_913,I'd like to see what is typed on the card for the roll eggs challenge.  #AmazingRace,2019-05-22 21:24:40
2019-05-23 02:23:53,smartcorgi,RT @Endl3ssNit3s: #AmazingRace we're still stuck with Rielly Girls https://t.co/tkHWqDkqDr,2019-05-22 21:23:53
2019-05-23 02:23:52,FabsCulture,You did amazing on the show! I‚Äôm also glad you noticed that the views of the ‚Äúfailing‚Äù government do not necessaril‚Ä¶ https://t.co/wE07GrAcy9,2019-05-22 21:23:52
2019-05-23 02:23:46,HaymakerHattie,Shredding lots of random vegetables with a grater? Anyone who gets Blue Apron is going to nail this task. #AmazingRace,2019-05-22 21:23:46
2019-05-23 02:22:53,AshsDreamboard,Can we stop putting Millenials vs. Gen X cast members on reality shows now? #AmazingRace https://t.co/HrfFVIEka0,2019-05-22 21:22:53
2019-05-23 02:22:52,colkmiren,Is there a way to watch TAR? My screen didn‚Äôt record while I was gone? #AmazingRace,2019-05-22 21:22:52
2019-05-23 02:22:51,wendyispresent,RT @kale_chipps: why is korey and tyler talking about uganda but silent about united arab emirates? #amazingrace,2019-05-22 21:22:51
2019-05-23 02:22:50,AllanBSportsFan,@CappyD Correct. When has Rachel's mouth been silent on #AmazingRace ?,2019-05-22 21:22:50
2019-05-23 02:22:25,HaymakerHattie,If I wasn‚Äôt on my phone I would definitely make a meme of that anime butterfly guy as Victor saying ‚Äúis this a tomato?‚Äù #AmazingRace,2019-05-22 21:22:25
2019-05-23 02:22:19,smartcorgi,"RT @Space_Nerd_at_C: Hey Phil, put US out of our misery and send Rachel and Elissa home #AmazingRace https://t.co/XVv7yVpPbX",2019-05-22 21:22:19
2019-05-23 02:22:08,smartcorgi,RT @Laurieet1: Just when I think I don‚Äôt have to hear Rachel and Elissa cry again ... damn you  #AmazingRace non-elimination round!  ü§¨ http‚Ä¶,2019-05-22 21:22:08
2019-05-23 02:21:43,SanMakinami,RT @UIdealist: I could not make the Ugandan Rolex and then not eat it. Looks yummy! #AmazingRace,2019-05-22 21:21:43
2019-05-23 02:21:41,AnneEllerson,RT @AmazingRaceCBS: Get excited! Another episode of The #AmazingRace comes on NOW! https://t.co/qKyCFhsluL,2019-05-22 21:21:41
2019-05-23 02:21:28,AnneEllerson,RT @AmazingRaceCBS: You only have a few more minutes to wait until #AmazingRace starts. Get ready for TWO back-to-back episodes. üèÉüèΩ https:/‚Ä¶,2019-05-22 21:21:28
2019-05-23 02:21:07,HaymakerHattie,"Wait, how many people live in Nicole‚Äôs hometown? I feel like she hasn‚Äôt mentioned it enough times. #AmazingRace",2019-05-22 21:21:07
2019-05-23 02:20:51,Tremble26,"RT @Space_Nerd_at_C: Hey Phil, put US out of our misery and send Rachel and Elissa home #AmazingRace https://t.co/XVv7yVpPbX",2019-05-22 21:20:51
2019-05-23 02:20:00,Phil_okk,RT @AmazingRaceCBS: Let‚Äôs hope they‚Äôre good at math. #AmazingRace https://t.co/7kCbjkDZDr,2019-05-22 21:20:00
2019-05-23 02:19:51,kale_chipps,why is korey and tyler talking about uganda but silent about united arab emirates? #amazingrace,2019-05-22 21:19:51
2019-05-23 02:19:45,markpills,"RT @AmazingRaceCBS: So close, yet so far away. #AmazingRace https://t.co/KSVy9eWqYM",2019-05-22 21:19:45
2019-05-23 02:19:43,Tremble26,Really sick of Rachel whining she wants to show her daughter to be a strong woman which is great but first step sto‚Ä¶ https://t.co/V8VBgPLRGd,2019-05-22 21:19:43
2019-05-23 02:19:11,stephensroczyk,@AmazingRaceCBS Floyd &amp; Becca doing some rhyme time with @PhilKeoghan. Give Phil some props man. #AmazingRace,2019-05-22 21:19:11
2019-05-23 02:19:10,djlabelleklein,.@tyleroakley and @koreykuhl rippin' through Uganda like...  #AmazingRace https://t.co/a79MU8tH9b,2019-05-22 21:19:10
2019-05-23 02:18:12,smartcorgi,"RT @peace999now__: Oh I‚Äôm sick, wanted Rachel and Elissa eliminated on #AmazingRace Rachel has had way too many chances and won Big Brother‚Ä¶",2019-05-22 21:18:12
2019-05-23 02:18:06,cassidythomp94,"RT @absmile28: @britney_haynes, I love that you talked about Tilly bring a cancer survivor! You girls did great and I'm sure made your kids‚Ä¶",2019-05-22 21:18:06
2019-05-23 02:17:39,JustinClassic1,RT @PhilKeoghan: Always love anything to do with bicycles ... #PhilFact riding a bike is 7 times more efficient than walking and look how m‚Ä¶,2019-05-22 21:17:39
2019-05-23 02:17:39,theslaycademy,@koreykuhl @AmazingRaceCBS I think they did well. I‚Äôm a bit biased cause I‚Äôm gonna cry anytime I see you cry but it‚Ä¶ https://t.co/6JgBQJwxEB,2019-05-22 21:17:39
2019-05-23 02:17:24,cheylouis,"RT @Brian_Scally: Me when Phil tells Rachel and Elissa it‚Äôs a non elimination leg:
#AmazingRace https://t.co/9edTtGsKdR",2019-05-22 21:17:24
2019-05-23 02:17:15,julyheat7,RT @PhilKeoghan: A fun #BTS moment as the #Afganimals fly into the pitstop on #amazingrace don‚Äôt miss my buckit podcast interview with them‚Ä¶,2019-05-22 21:17:15
2019-05-23 02:17:12,stephensroczyk,@AmazingRaceCBS Stampede!!!!! #AmazingRace,2019-05-22 21:17:12
2019-05-23 02:17:11,smartcorgi,RT @DrkLovely1: I üíõ TEAM FUN!!  #AmazingRace https://t.co/7ykAdewYdX,2019-05-22 21:17:11
2019-05-23 02:16:44,smartcorgi,RT @rcavery81: You know that lady next to Phil is thinking shut up Rachel üòÇ #AmazingRace,2019-05-22 21:16:44
2019-05-23 02:16:29,stephensroczyk,@AmazingRaceCBS Go Colin go Colin go Colin #AmazingRace,2019-05-22 21:16:29
2019-05-23 02:16:12,gingabear31,"RT @tyleroakley: tonight on #AmazingRace, queer contestants were sent to locations where being queer is a crime. being there with protectio‚Ä¶",2019-05-22 21:16:12
2019-05-23 02:16:12,Stephyo4,"@RachelRileyRR Love your spirit more than ever! 
I MEAN, you're Rachel Riley The ""never stopping until until I win""‚Ä¶ https://t.co/mkJf8kYSEI",2019-05-22 21:16:12
2019-05-23 02:16:07,smartcorgi,RT @powerofcheeto1: Rachel lays it on thick but it's a non elimination leg.  üòÖ #TAR #AmazingRace https://t.co/EqMmjsP8df,2019-05-22 21:16:07
2019-05-23 02:15:49,smartcorgi,"RT @LynneDC3: Even if this is a non-elimination round, please send Rachel home. #AmazingRace",2019-05-22 21:15:49
2019-05-23 02:15:49,GamerGirl2330,No offense to Phil but Jeff is better at narrating challenges! #AmazingRace,2019-05-22 21:15:49
2019-05-23 02:15:42,smartcorgi,RT @mikexmachina: Does Rachel hold the Guinness world record for crying on reality TV? #AmazingRace,2019-05-22 21:15:42
2019-05-23 02:15:40,PL83M,The past 4 eliminations in The #AmazingRace always involved the roadblocks.,2019-05-22 21:15:40
2019-05-23 02:15:37,erniebufflo,"Last time the team I wanted eliminated got eliminated, so this week on #amazingrace, I need Rachel and Elissa gone.",2019-05-22 21:15:37
2019-05-23 02:15:29,smartcorgi,RT @Endl3ssNit3s: Crying Rachel üò£ #AmazingRace https://t.co/izlOrJ0zPx,2019-05-22 21:15:29
2019-05-23 02:15:24,Glenn_Weisinger,It was so hard to watch my favorites Britney and Janelle go home tonight on #AmazingRace ...but the mom squad on th‚Ä¶ https://t.co/3NEsQMo41j,2019-05-22 21:15:24
2019-05-23 02:15:21,ASweetHeart123,"RT @tyleroakley: tonight on #AmazingRace, queer contestants were sent to locations where being queer is a crime. being there with protectio‚Ä¶",2019-05-22 21:15:21
2019-05-23 02:15:10,lexiecenter,"Sad to see Janelle &amp; Britney go! But it took 6 legs to get a single @CBSBigBrother team out.

@AmazingRaceCBS #BigBrother #AmazingRace",2019-05-22 21:15:10
2019-05-23 02:14:46,Tremble26,RT @markkgarrison: Sick of Rachel! Nut ü•ú job! #AmazingRace,2019-05-22 21:14:46
2019-05-23 02:14:45,RachelEReilly,"RT @absmile28: @britney_haynes, I love that you talked about Tilly bring a cancer survivor! You girls did great and I'm sure made your kids‚Ä¶",2019-05-22 21:14:45
2019-05-23 02:14:41,stephensroczyk,@AmazingRaceCBS Still the zip line in Dubai was cool. #AmazingRace,2019-05-22 21:14:41
2019-05-23 02:14:23,yoshifan331,A few years ago I would have been on here seeking out tweets hating on Rachel/Elissa and arguing with them. I've gr‚Ä¶ https://t.co/WpNjRBVA25,2019-05-22 21:14:23
2019-05-23 02:14:15,Reddzz730,#TeamRachAndLissa but god damn Rachael can drive a person up a wall üòÇüòÇüòÇüòÇü§¶üèΩ‚Äç‚ôÄÔ∏èüò©#AmazingRace,2019-05-22 21:14:15
2019-05-23 02:14:12,KeithZingraf,"@koreykuhl @AmazingRaceCBS For real, this was filmed a year ago???? #amazingrace #TeamTylerAndKorey @koreykuhl @tyleroakley",2019-05-22 21:14:12
2019-05-23 02:13:43,stephensroczyk,@AmazingRaceCBS The music from the club was a techno version of the show‚Äôs theme song. #AmazingRace,2019-05-22 21:13:43
2019-05-23 02:13:18,CrossLy_er,"RT @tyleroakley: tonight on #AmazingRace, queer contestants were sent to locations where being queer is a crime. being there with protectio‚Ä¶",2019-05-22 21:13:18
2019-05-23 02:13:16,heyitsmyopinion,"@AmazingRaceCBS The head to head competitions are NOT fair! Teams race their asses off, make no mistakes &amp; could po‚Ä¶ https://t.co/6HWIP0K3kj",2019-05-22 21:13:16
2019-05-23 02:13:10,TaraKfoury,"RT @MattOMalley: Two weeks from tonight: Join @BretLaBelle &amp; me at Kellehers (1410 Centre St., Rosl.) for an @AmazingRaceCBS viewing party‚Ä¶",2019-05-22 21:13:10
2019-05-23 02:12:56,absmile28,"@britney_haynes, I love that you talked about Tilly bring a cancer survivor! You girls did great and I'm sure made‚Ä¶ https://t.co/Q8qktAdHmq",2019-05-22 21:12:56
2019-05-23 02:12:49,cloudyylaurenn,"RT @tyleroakley: tonight on #AmazingRace, queer contestants were sent to locations where being queer is a crime. being there with protectio‚Ä¶",2019-05-22 21:12:49
2019-05-23 02:12:42,JoelBBCAN,"@AIPChristina Not at all, numerous people who‚Äôve won #BigBrother #AmazingRace and #survivor have come back, it‚Äôs qu‚Ä¶ https://t.co/2yGOdpbBIW",2019-05-22 21:12:42
2019-05-23 02:12:40,HaymakerHattie,My 7th grade social studies teacher had done some sort of mission work in Uganda and she taught us all kinds of wei‚Ä¶ https://t.co/HQ0bFXER1b,2019-05-22 21:12:40
2019-05-23 02:12:40,lopezgovlaw,#WednesdayMotivation RT @NeffStartups: Selfie Time YO #YO #E #WednesdayWisdom #WednesdayMotivation #WendyWilliams‚Ä¶ https://t.co/21pZ5pgAVv,2019-05-22 21:12:40
2019-05-23 02:12:24,ShanMR42,"RT @tyleroakley: tonight on #AmazingRace, queer contestants were sent to locations where being queer is a crime. being there with protectio‚Ä¶",2019-05-22 21:12:24
2019-05-23 02:12:20,stephensroczyk,@AmazingRaceCBS First time the show has gone to Uganda the Pearl of Africa and the home of Lake Victoria. Wow. #AmazingRace,2019-05-22 21:12:20
2019-05-23 02:12:13,BBfan4life4sure,SAD to see @JanellePierzina and Brit go .............. but SOOOO HAPPY for @RachelEReilly and @ElissaReillyS !!‚Ä¶ https://t.co/xyGYauJNYe,2019-05-22 21:12:13
2019-05-23 02:12:13,AnneEllerson,RT @AmazingRaceCBS: ü§£ü§£ü§£ #AmazingRace https://t.co/8JBE6fOJie,2019-05-22 21:12:13
2019-05-23 02:11:49,DrWillHatch,"RT @HaymakerHattie: Dinosaurs, video games. Was the theme of the Dubai detour ‚Äú8-year-old‚Äôs birthday party‚Äù? #AmazingRace",2019-05-22 21:11:49
2019-05-23 02:11:42,LilMel13,"When I went to Costa Rica I did zip lining and thought it was fun. Yet, after watching the zip lining in Dubai on‚Ä¶ https://t.co/WodH029GUH",2019-05-22 21:11:42
2019-05-23 02:11:25,fpaez2178,Wow..Big Brother battle on The Amazing Race..bitter sweet win!Hate it or love it but the Riley sisters bring the en‚Ä¶ https://t.co/nsQwM0tHgj,2019-05-22 21:11:25
2019-05-23 02:11:00,TrevonIi,"RT @tyleroakley: tonight on #AmazingRace, queer contestants were sent to locations where being queer is a crime. being there with protectio‚Ä¶",2019-05-22 21:11:00
2019-05-23 02:10:50,stephensroczyk,@AmazingRaceCBS I thought the head 2 head was just 1 time thing. Well it‚Äôs back. #AmazingRace,2019-05-22 21:10:50
2019-05-23 02:10:47,AriFerarri,"RT @tyleroakley: tonight on #AmazingRace, queer contestants were sent to locations where being queer is a crime. being there with protectio‚Ä¶",2019-05-22 21:10:47
2019-05-23 02:10:22,mashmartin92,This is all Britney's fault. Janelle I'm so sorry sweetie!  #AmazingRace,2019-05-22 21:10:22
2019-05-23 02:10:19,Ryan__Kaiser,"Those two hours were VERY stressful for me, but we‚Äôre good now. #AmazingRace https://t.co/a6CfVLhJpn",2019-05-22 21:10:19
2019-05-23 02:09:38,stephensroczyk,@AmazingRaceCBS Arrived in Uganda and there is a stampede for a üöïYikes. #AmazingRace,2019-05-22 21:09:38
2019-05-23 02:09:15,Natesmb64,RT @PhilKeoghan: A fun #BTS moment as the #Afganimals fly into the pitstop on #amazingrace don‚Äôt miss my buckit podcast interview with them‚Ä¶,2019-05-22 21:09:15
2019-05-23 02:09:11,Natesmb64,RT @itswessums: I‚Äôm...upset #AmazingRace,2019-05-22 21:09:11
2019-05-23 02:08:49,PL83M,RT @ALovelierGirl: I need Becca and Floyd to get their own reality show. They make every situation FUN. Their energy and positive attitudes‚Ä¶,2019-05-22 21:08:49
2019-05-23 02:08:25,mickeyshy12,RT @HaymakerHattie: I am SO glad #AmazingRace didn‚Äôt get away with going to Uganda without noting the human rights issues. Thanks @tyleroak‚Ä¶,2019-05-22 21:08:25
2019-05-23 02:08:24,stephensroczyk,@AmazingRaceCBS It seems like Leo &amp; Jamal keep going backwards. Luckily their still in it. #AmazingRace,2019-05-22 21:08:24
2019-05-23 02:08:17,heybrittrob,"janelle &amp; britney..... im crying !
but at least they got to be eliminated in a kinda beautiful way with their frien‚Ä¶ https://t.co/JbQAEeOd7W",2019-05-22 21:08:17
2019-05-23 02:08:03,JohnG500,RT @PhilKeoghan: A fun #BTS moment as the #Afganimals fly into the pitstop on #amazingrace don‚Äôt miss my buckit podcast interview with them‚Ä¶,2019-05-22 21:08:03
2019-05-23 02:08:02,deidra_dwallace,RT @mikexmachina: Does Rachel hold the Guinness world record for crying on reality TV? #AmazingRace,2019-05-22 21:08:02
2019-05-23 02:07:51,deidra_dwallace,@RachelEReilly Still rooting for the other Big Brother teams! #AmazingRace,2019-05-22 21:07:51
2019-05-23 02:07:22,NeffStartups,Selfie Time YO #YO #E #WednesdayWisdom #WednesdayMotivation #WendyWilliams #qvc #BTS„ÅßÂ¶ÑÊÉ≥ #neff #LA #AmazingRace‚Ä¶ https://t.co/pb5HpT1mOE,2019-05-22 21:07:22
2019-05-23 02:07:19,KatelynKozma,"RT @tyleroakley: tonight on #AmazingRace, queer contestants were sent to locations where being queer is a crime. being there with protectio‚Ä¶",2019-05-22 21:07:19
2019-05-23 02:07:14,deidra_dwallace,RT @DrWillHatch: Lol at Rachel's sister telling her to shut up. #AmazingRace,2019-05-22 21:07:14
2019-05-23 02:07:10,deidra_dwallace,"RT @BB_timc: Elissa: Rach... pls stop
#AmazingRace https://t.co/vb3dQ8Pi0s",2019-05-22 21:07:10
2019-05-23 02:07:06,deidra_dwallace,RT @ewsanta1: Nooooo not Brittney and Janelle...sad to see them go but happy I got them back on my tv for a few episodes at least #AmazingR‚Ä¶,2019-05-22 21:07:06
2019-05-23 02:07:02,theslaycademy,"Okay Tyler, now I really need a collab (or #Psychobabble?) with you 2 &amp;  @britney_haynes &amp; @janellepierzina pretty‚Ä¶ https://t.co/9NDB92paY1",2019-05-22 21:07:02
2019-05-23 02:06:59,stephensroczyk,@AmazingRaceCBS And the longest and largest zip line towards the pit stop üõë #AmazingRace,2019-05-22 21:06:59
2019-05-23 02:06:58,MattOMalley,"Two weeks from tonight: Join @BretLaBelle &amp; me at Kellehers (1410 Centre St., Rosl.) for an @AmazingRaceCBS viewing‚Ä¶ https://t.co/lKhbGCF9GF",2019-05-22 21:06:58
2019-05-23 02:06:51,SurvivingTribal,Two hours of #AmazingRace 31 tonight meant two opportunities for the last remaining #Survivor team to be eliminated‚Ä¶ https://t.co/Np75lLaHcb,2019-05-22 21:06:51
2019-05-23 02:06:46,deidra_dwallace,Low key crying they went home. #AmazingRace,2019-05-22 21:06:46
2019-05-23 02:06:33,Vaden83,"RT @tyleroakley: tonight on #AmazingRace, queer contestants were sent to locations where being queer is a crime. being there with protectio‚Ä¶",2019-05-22 21:06:33
2019-05-23 02:06:11,HaymakerHattie,I am SO glad #AmazingRace didn‚Äôt get away with going to Uganda without noting the human rights issues. Thanks‚Ä¶ https://t.co/1eY7bWmPD6,2019-05-22 21:06:11
2019-05-23 02:05:46,stephensroczyk,@AmazingRaceCBS My favorite was Colin dancing in the nightclub #AmazingRace,2019-05-22 21:05:46
2019-05-23 02:05:45,Survivor_on_DVD,"RT @Survivor_on_DVD: If a double dose of #AmazingRace with @PhilKeoghan tonight isn't enough, you can now get ALL THIRTY past seasons on DV‚Ä¶",2019-05-22 21:05:45
2019-05-23 02:05:24,JohnG500,#GirlSquad!! LOL! #BigBrother @RachelEReilly @AmazingRaceCBS @PhilKeoghan #AmazingRace https://t.co/v1lnAv6rdD,2019-05-22 21:05:24
2019-05-23 02:05:20,smartcorgi,RT @criticmissence4: Urgh. I need Rachel and her sister gone. #AmazingRace,2019-05-22 21:05:20
2019-05-23 02:05:19,OminousTomato,"RT @tyleroakley: tonight on #AmazingRace, queer contestants were sent to locations where being queer is a crime. being there with protectio‚Ä¶",2019-05-22 21:05:19
2019-05-23 02:05:02,stephensroczyk,@AmazingRaceCBS Dubai is one of coolest cities ever. Their skyscrapers are amazing. Love the Dubai Frame üñº #AmazingRace,2019-05-22 21:05:02
2019-05-23 02:04:55,PhilKeoghan,A fun #BTS moment as the #Afganimals fly into the pitstop on #amazingrace don‚Äôt miss my buckit podcast interview wi‚Ä¶ https://t.co/HkBv5BLwBH,2019-05-22 21:04:55
2019-05-23 02:04:50,DoraTheShutIn,Good show in #Uganda ! #AmazingRace,2019-05-22 21:04:50
2019-05-23 02:04:41,Srahspillz,"IDC what anyone says, I love the Reilly sisters #AmazingRace",2019-05-22 21:04:41
2019-05-23 02:04:19,JohnG500,"I'm not sure what was left out but what was shown was nothing short of love, knowledge, enlightenment, and unity ab‚Ä¶ https://t.co/gjsOnwx9u1",2019-05-22 21:04:19
2019-05-23 02:03:57,smartcorgi,RT @nyngaile: Phil NOOOOO why a non elimination leg send them home!  #AmazingRace https://t.co/GWFCI3k7Kj,2019-05-22 21:03:57
2019-05-23 02:03:48,TamGarrettCasey,A peek for next time... #AmazingRace https://t.co/kKfLDhWkhH,2019-05-22 21:03:48
2019-05-23 02:03:42,Seapoeschl,"Recap of Phil's commentary during tonights head to head challenge. #AmazingRace

https://t.co/cjGTKxdxvm",2019-05-22 21:03:42
2019-05-23 02:03:38,alyleanne01,"RT @tyleroakley: tonight on #AmazingRace, queer contestants were sent to locations where being queer is a crime. being there with protectio‚Ä¶",2019-05-22 21:03:38
2019-05-23 02:03:38,Mariat3,Why is Nicole crying next week?#AmazingRace,2019-05-22 21:03:38
2019-05-23 02:03:34,stephensroczyk,@AmazingRaceCBS Rachel is the biggest cry baby....ever. #AmazingRace,2019-05-22 21:03:34
2019-05-23 02:03:29,ralyssa11,NOOOOOOOOOO!!!!!!!!!! üò≠üò≠üò≠üò≠üò≠üò≠üò≠üò≠üò≠üò≠ #TAR #AmazingRace #TeamBigBrother #MomSquad,2019-05-22 21:03:29
2019-05-23 02:03:09,LC3_TDSB,RT @EdwardsGuidance: Ss from @John_McCraePS &amp; @tdsb_SMPS collaborating &amp; sharing their #AmazingRace  activity with their peers @UTSC Post S‚Ä¶,2019-05-22 21:03:09
2019-05-23 02:03:01,GamerKevin94,So sad to see a Big Brother team eliminated!! It was so fun watching Britney and Jenelle. #AmazingRace,2019-05-22 21:03:01
2019-05-23 02:02:58,InTheDrunkTank,RT @CalebWH25: The preview for next week‚Äôs #AmazingRace has me like.... https://t.co/yHPgPB0Oqz,2019-05-22 21:02:58
2019-05-23 02:02:40,IconicQueenAri,rachel elissa brittany janelle you ladies did well never gave up hope they will get another second chance #AmazingRace,2019-05-22 21:02:40
2019-05-23 02:02:38,HaymakerHattie,Loving how #AmazingRace doesn‚Äôt pretend they intended this to be a two parter. It is what it is: two discrete episo‚Ä¶ https://t.co/huauX2bQOm,2019-05-22 21:02:38
2019-05-23 02:02:35,br_infinity_ke,RT @itswessums: I‚Äôm...upset #AmazingRace,2019-05-22 21:02:35
2019-05-23 02:02:31,Divine_Angel89,RT @CalebWH25: The preview for next week‚Äôs #AmazingRace has me like.... https://t.co/yHPgPB0Oqz,2019-05-22 21:02:31
2019-05-23 02:02:31,Tweettweetter,I see Rachel telling someone not to play the victim in next week's episode. Of course!!! We all know that's her rol‚Ä¶ https://t.co/jAEcev3Vxm,2019-05-22 21:02:31
2019-05-23 02:02:30,planetadenegoci,#boatdrinks #vacationmodeon #cruisetravel #drinklocal #bountyrum #facebook #santacruz #sharesafety #ccc48 #climaCR‚Ä¶ https://t.co/8mfYFcW47A,2019-05-22 21:02:30
2019-05-23 02:02:06,stephensroczyk,@PhilKeoghan @AmazingRaceCBS LOL #AmazingRace,2019-05-22 21:02:06
2019-05-23 02:01:56,BB_timc,LOL you can always count on the BB teams to stir drama on the #AmazingRace üòù https://t.co/nJDYHckXAB,2019-05-22 21:01:56
2019-05-23 02:01:51,Survality,RT @Survality: Favorite team representing #Survivior or #BigBrother #AmazingRace #TAR31 #TAR,2019-05-22 21:01:51
2019-05-23 02:01:48,Survality,RT @Survality: Favorite team that‚Äôs representing #AmazingRace #TAR31 #TAR,2019-05-22 21:01:48
2019-05-23 02:01:46,CappyD,So then its just like every other episode of #amazingrace https://t.co/62mAkp5BsE,2019-05-22 21:01:46
2019-05-23 02:01:35,Survality,Favorite team representing #Survivior or #BigBrother #AmazingRace #TAR31 #TAR,2019-05-22 21:01:35
2019-05-23 02:01:31,Divine_Angel89,RT @lordsntee: #AmazingRace Becca and Floyd are so much fun,2019-05-22 21:01:31
2019-05-23 02:01:22,MrNoeReyes,I never thought I would ever get into #AmazingRace. Turns out it's pretty good!,2019-05-22 21:01:22
2019-05-23 02:01:19,KeithZingraf,"Not the ending that I would've liked, can we vote Rachel out?? Oh wait, wrong show ;) #AmazingRace @AmazingRaceCBS",2019-05-22 21:01:19
2019-05-23 02:01:15,AmazingRaceCBS,RT @itswessums: I‚Äôm...upset #AmazingRace,2019-05-22 21:01:15
2019-05-23 02:01:13,buckeyegirl25,Wow. Reilly sisters clashing with Nicole and Victor next week...üò≥ #AmazingRace,2019-05-22 21:01:13
2019-05-23 02:01:11,Divine_Angel89,RT @EvermanJeffery: Big congrats on the W #TeamFun in Dubai! #TeamAmazingRace #AmazingRace,2019-05-22 21:01:11
2019-05-23 02:01:04,PL83M,RT @katelyn_panzer: That challenge where you find dinosaur eggs dressed as a dinosaur looks so fun! #AmazingRace,2019-05-22 21:01:04
2019-05-23 02:01:03,SoyGonzaloP,My heart is broken... I hate the head to head #AmazingRace #TAR31,2019-05-22 21:01:03
2019-05-23 02:01:01,Divine_Angel89,RT @ALovelierGirl: I need Becca and Floyd to get their own reality show. They make every situation FUN. Their energy and positive attitudes‚Ä¶,2019-05-22 21:01:01
2019-05-23 02:00:57,AllanBSportsFan,"OMG, the preview of the next #AmazingRace and Rachel is yapping and bitching and complaining and driving another team nuts, again.",2019-05-22 21:00:57
2019-05-23 02:00:47,realityTVstud,@Jessica65481190 @mainlybravo @jesusjugs2 @JessicaManns3 @JamieBe92880069 @Plynn329 @michelleismyna2‚Ä¶ https://t.co/xNrOh36JJi,2019-05-22 21:00:47
2019-05-23 02:00:45,Survality,Favorite team that‚Äôs representing #AmazingRace #TAR31 #TAR,2019-05-22 21:00:45
2019-05-23 02:00:44,KatieSecrets,Rachel just shut your big mouth for once üòí #AmazingRace,2019-05-22 21:00:44
2019-05-23 02:00:43,JanLapatha,"Janelle &amp; Britney deserves better
#AmazingRace",2019-05-22 21:00:43
2019-05-23 02:00:34,CalebWH25,The preview for next week‚Äôs #AmazingRace has me like.... https://t.co/yHPgPB0Oqz,2019-05-22 21:00:34
2019-05-23 02:00:11,HaymakerHattie,Who was less impressed this week: Sansa Stark with Edmure Tully at the board meeting or Elissa with Rachel at the e‚Ä¶ https://t.co/cZ7aifn7Pp,2019-05-22 21:00:11
2019-05-23 02:00:10,_cfoxx90,Showdown? #AmazingRace,2019-05-22 21:00:10
2019-05-23 02:00:09,ALovelierGirl,I need Becca and Floyd to get their own reality show. They make every situation FUN. Their energy and positive atti‚Ä¶ https://t.co/ixVds2JkdO,2019-05-22 21:00:09
2019-05-23 02:00:06,katm0512,Routing for Nichole and Victor #AmazingRace,2019-05-22 21:00:06
2019-05-23 01:59:57,EvermanJeffery,Big congrats on the W #TeamFun in Dubai! #TeamAmazingRace #AmazingRace,2019-05-22 20:59:57
2019-05-23 01:59:56,Srahspillz,Sad my big brother girls are being split up! #AmazingRace,2019-05-22 20:59:56
2019-05-23 01:59:54,fjdinardo,The #AmazingRace is going to Switzerland next week. Nice!,2019-05-22 20:59:54
2019-05-23 01:59:50,RachelEReilly,RT @BB_timc: Now we need the mom squad on a BB season together #BB21 üòâ #AmazingRace,2019-05-22 20:59:50
2019-05-23 01:59:48,KristelleJoySa4,"RT @tyleroakley: tonight on #AmazingRace, queer contestants were sent to locations where being queer is a crime. being there with protectio‚Ä¶",2019-05-22 20:59:48
2019-05-23 01:59:46,itswessums,I‚Äôm...upset #AmazingRace,2019-05-22 20:59:46
2019-05-23 01:59:45,ericaeff,The #AmazingRace just got a little less entertaining. Janelle and Britney üíî,2019-05-22 20:59:45
2019-05-23 01:59:36,Divine_Angel89,"I'm sorry but if you don't like team fun, you suck üòÇ #AmazingRace",2019-05-22 20:59:36
2019-05-23 01:59:30,katm0512,Becca and Floyd are super annoying af #AmazingRace,2019-05-22 20:59:30
2019-05-23 01:59:28,andreafan111,RT @KiranSanthanam: Thoughts on Janelle and Britney leaving. #AmazingRace,2019-05-22 20:59:28
2019-05-23 01:59:26,Holly_Homa,I‚Äôm so disappointedüò• My Favorite team. @JanellePierzina &amp; @britney_haynes You both are amazing! Love you ladies‚ù§Ô∏è #AmazingRace,2019-05-22 20:59:26
2019-05-23 01:59:11,lordsntee,#AmazingRace Becca and Floyd are so much fun,2019-05-22 20:59:11
2019-05-23 01:59:09,tayloroliviq,So proud of @tyleroakley and @koreykuhl on the #AmazingRace tonight,2019-05-22 20:59:09
2019-05-23 01:59:08,FightYouForIt1,Having to watch a @CBSBigBrother team have to take the other out the race.. #AmazingRace https://t.co/CyLF6t63VT,2019-05-22 20:59:08
2019-05-23 01:59:06,CulturalRights1,"THANK YOU @PhilKeoghan AND @AmazingRaceCBS for visiting the PEOPLE, CULTURE, HISTORY, and HUMAN ORIGINS of #Uganda‚Ä¶ https://t.co/1H7xH1nBcj",2019-05-22 20:59:06
2019-05-23 01:58:55,musicsmith14,"At least with this head to head, the order of arrival was maintained completely for order of finishing since the pu‚Ä¶ https://t.co/H1HN68kZBr",2019-05-22 20:58:55
2019-05-23 01:58:54,planetadenegoci,#boatdrinks #vacationmodeon #cruisetravel #drinklocal #bountyrum #facebook #santacruz #sharesafety #ccc48 #climaCR‚Ä¶ https://t.co/2fGZoulHV5,2019-05-22 20:58:54
2019-05-23 01:58:46,hiliejozz,@AmazingRaceCBS  did yall atleast get a chance to enjoy some real rolexes made by the locals? #AmazingRace,2019-05-22 20:58:46
2019-05-23 01:58:37,ajgraves14,"Noooooo! Regardless, I‚Äôm so proud of my 2 of 3 favorite BB women @britney_haynes @JanellePierzina of going out ther‚Ä¶ https://t.co/jNnLTshFxP",2019-05-22 20:58:37
2019-05-23 01:58:31,delsina363,RT @BB_timc: Now we need the mom squad on a BB season together #BB21 üòâ #AmazingRace,2019-05-22 20:58:31
2019-05-23 01:58:30,doco86,Soooo glad u made it.!!! @RachelEReilly üòçüòç goooo \o/ #AmazingRace,2019-05-22 20:58:30
